{
  "length": {
    "id": 0,
    "data": 8
  },
  "valuesList1": {
    "id": 0,
    "data": [
      [
        11.2,
        9.8,
        15,
        2,
        "2.2",
        "1.2",
        4.2,
        "0.1"
      ],
      [
        11.2,
        9.8,
        "21",
        "8",
        "1.2",
        "1.2",
        4.2,
        "0.1"
      ],
      [
        11.2,
        9.8,
        "21",
        "8",
        "1.2",
        "1.2",
        4.2,
        "0.1"
      ],
      [
        11.2,
        9.8,
        15,
        2,
        "10.2",
        "1.2",
        4.2,
        "0.1"
      ],
      [
        11.2,
        9.8,
        15,
        2,
        "7.2",
        "1.2",
        4.2,
        "1.1"
      ],
      [
        11.2,
        9.8,
        15,
        2,
        "11.2",
        "7.2",
        4.2,
        "0.1"
      ],
      [
        11.2,
        9.8,
        15,
        2,
        "11.2",
        "7.2",
        4.2,
        "0.1"
      ],
      [
        11.2,
        9.8,
        15,
        2,
        "12.2",
        "7.2",
        4.2,
        "0.1"
      ]
    ]
  },
  "constValuesList1": {
    "id": 0,
    "data": [
      [
        10,
        "25"
      ],
      [
        10,
        20
      ],
      [
        10,
        20
      ],
      [
        10,
        20
      ],
      [
        10,
        20
      ],
      [
        10,
        25
      ],
      [
        10,
        25
      ],
      [
        10,
        25
      ]
    ]
  },
  "qatlamQalinligi": {
    "id": 0,
    "data": [
      15,
      10,
      10,
      10,
      10,
      15,
      15,
      15
    ]
  },
  "qatlamQalinligiJami": {
    "id": 0,
    "data": 100
  },
  "jamiQiymatlarList1": {
    "id": 0,
    "data": [
      11.2,
      9.799999999999999,
      15.6,
      2.6,
      7.35,
      2.55,
      4.199999999999999,
      1.3333333333333333,
      "53",
      39.2,
      14.1
    ]
  },
  "jamiYigindi": {
    "id": 0,
    "jamiYigindi": [
      45.6,
      56.6,
      56.6,
      53.599999999999994,
      50.6,
      60.599999999999994,
      60.599999999999994,
      61.599999999999994
    ]
  },
  "fizikQum": {
    "id": 0,
    "data": [
      38,
      50,
      50,
      38,
      38,
      38,
      38,
      38
    ]
  },
  "fizikLoy": {
    "id": 0,
    "data": [
      7.6000000000000005,
      6.6,
      6.6,
      15.599999999999998,
      12.600000000000001,
      22.599999999999998,
      22.599999999999998,
      23.599999999999998
    ]
  },
  "mexanikTarkib": {
    "id": 0,
    "data": [
      "Қум",
      "Қум",
      "Қум",
      "Qumloq",
      "Qumloq",
      "Yengil qumoq",
      "Yengil qumoq",
      "Yengil qumoq"
    ]
  },
  "mexanikTarkibJami": {
    "id": 0,
    "data": "Orta qumloq"
  },
  "valuesList2": {
    "id": 0,
    "data": [
      [
        "1.52",
        "0.887",
        "0.7",
        "0.7",
        "0.182",
        "0.288"
      ],
      [
        "0.1",
        "0.6",
        "0.9",
        "0.8",
        "0.5",
        "1"
      ],
      [
        "1.2",
        "1.5",
        "1.4",
        "1.2",
        "0.5",
        "0.01"
      ],
      [
        "1.3",
        "1.4",
        "2",
        "1.5",
        "0.6",
        "0.05"
      ],
      [
        "1.3",
        "0.9",
        "0.9",
        "1.1",
        "0.8",
        "0.05"
      ],
      [
        "0.1",
        "0.1",
        "0.9",
        "1.5",
        "1.5",
        "0.02"
      ],
      [
        "1.4",
        "1.4",
        "1.7",
        "1.2",
        "0.8",
        "0.5"
      ],
      [
        "1.4",
        "1.4",
        "0.8",
        "1.2",
        "2",
        "1.4"
      ]
    ]
  },
  "valuesNatiyjaList2": {
    "id": 0,
    "data": [
      [
        24.918032786885245,
        24.985915492957748,
        14.583333333333332,
        34.930139720558884,
        15.041322314049587,
        12.521739130434781
      ],
      [
        1.639344262295082,
        16.901408450704228,
        18.75,
        39.920159680638726,
        41.32231404958678,
        43.47826086956522
      ],
      [
        19.672131147540984,
        42.25352112676057,
        29.166666666666664,
        59.880239520958085,
        41.32231404958678,
        0.4347826086956522
      ],
      [
        21.311475409836067,
        39.43661971830986,
        41.666666666666664,
        74.8502994011976,
        49.586776859504134,
        2.173913043478261
      ],
      [
        21.311475409836067,
        25.35211267605634,
        18.75,
        54.89021956087825,
        66.11570247933885,
        2.173913043478261
      ],
      [
        1.639344262295082,
        2.8169014084507045,
        18.75,
        74.8502994011976,
        123.96694214876034,
        0.8695652173913044
      ],
      [
        22.950819672131146,
        39.43661971830986,
        35.416666666666664,
        59.880239520958085,
        66.11570247933885,
        21.73913043478261
      ],
      [
        22.950819672131146,
        39.43661971830986,
        16.666666666666668,
        59.880239520958085,
        165.28925619834712,
        60.869565217391305
      ]
    ]
  },
  "tip": {
    "id": 0,
    "data": [
      "Sulfat-xloridli",
      "Xlorid-sulfatli",
      "Sulfat-xloridli",
      "Xlorid-sulfatli",
      "Sulfat-xloridli",
      "Sulfatli",
      "Xlorid-sulfatli",
      "Sulfat-xloridli"
    ]
  },
  "tipPercent": {
    "id": 0,
    "data": [
      "2",
      "3",
      "2",
      "3",
      "2",
      "4",
      "3",
      "2"
    ]
  },
  "zichQoldiq": {
    "id": 0,
    "data": [
      "4.39",
      "7.89",
      "1.89",
      "5.9",
      "1.86",
      "5.7",
      "3.5",
      "2.1"
    ]
  },
  "valuesNatiyjaList3": {
    "id": 0,
    "data": [
      [
        2.2800000000000002,
        1.3305,
        1.05,
        1.05,
        0.273,
        0.43199999999999994
      ],
      [
        0.1,
        0.6000000000000001,
        0.9,
        0.8,
        0.5,
        1
      ],
      [
        1.2000000000000002,
        1.5,
        1.4000000000000001,
        1.2000000000000002,
        0.5,
        0.010000000000000002
      ],
      [
        1.3,
        1.4000000000000001,
        2,
        1.5,
        0.6000000000000001,
        0.05
      ],
      [
        1.3,
        0.9,
        0.9,
        1.1,
        0.8,
        0.05
      ],
      [
        0.15000000000000002,
        0.15000000000000002,
        1.35,
        2.25,
        2.25,
        0.03
      ],
      [
        1.8,
        2.1,
        2.5500000000000003,
        1.8,
        1.2000000000000002,
        0.75
      ],
      [
        2.1,
        2.1,
        1.2000000000000002,
        1.8,
        3,
        2.1
      ]
    ]
  },
  "zichQoldiqNatiyja": {
    "id": 0,
    "data": []
  },
  "zichQoldiqJami": {
    "id": 0,
    "data": 59.675000000000004
  },
  "jamiQiymatlarList3": {
    "id": 0,
    "data": [
      10.23,
      10.0805,
      11.350000000000001,
      11.500000000000002,
      9.123000000000001,
      4.422000000000001
    ]
  },
  "tipList3": {
    "id": 0,
    "data": [
      "Sulfat-xloridli",
      "Xlorid-sulfatli",
      "Sulfat-xloridli",
      "Xlorid-sulfatli",
      "Sulfat-xloridli",
      "SUlfsatli",
      "Xlorid-sulfatli",
      "Sulfat-xloridli"
    ]
  },
  "tipPercentList3": {
    "id": 0,
    "data": [
      "2",
      "3",
      "2",
      "3",
      "2",
      "4",
      "3",
      "2"
    ]
  },
  "shorlanishDarajasi": {
    "id": 0,
    "data": "Kuchsiz shorlangan"
  },
  "shorYuvishQiymat": {
    "id": 0,
    "data": [
      "X10",
      "Y10",
      "Z10"
    ]
  }
}